INSERT INTO public.users_metadata (id,user_id,first_name,last_name,avatar_url,is_online,username,bio) VALUES (34, 'e15fbb8c-f671-48e3-a0a5-5cedb1866c57', 'Randi', 'Cronin', 'https://randomuser.me/api/portraits/women/33.jpg', 't', 'Randi.Cronin', DEFAULT), (35, '0353990b-72a0-4540-bd81-b967b3892006', 'Delores', 'Hammes', 'https://randomuser.me/api/portraits/women/9.jpg', 't', 'Delores_Hammes', DEFAULT), (36, 'd42a5766-7a8e-4233-a71b-81f1faaba3d5', 'Zoie', 'Emmerich', 'https://randomuser.me/api/portraits/women/41.jpg', 't', 'Zoie.Emmerich', DEFAULT), (37, '04a27bf5-4920-41ed-a4f6-f1122e1b7b0f', 'Maud', 'Kuhn', 'https://randomuser.me/api/portraits/women/18.jpg', 't', 'Maud.Kuhn67', DEFAULT), (38, '4c4525a3-7d1b-491a-a5e8-7ebbfe0f6099', 'Margarette', 'Lubowitz', 'https://randomuser.me/api/portraits/women/11.jpg', 't', 'Margarette_Lubowitz17', DEFAULT), (39, 'a9d9ec5d-b6f0-4968-84bf-520db2b9c4f5', 'Jeanne', 'Roberts', 'https://randomuser.me/api/portraits/women/95.jpg', 't', 'Jeanne_Roberts12', DEFAULT), (40, '85421fbb-55f3-411a-88fd-be9d3585be46', 'Clark', 'Wintheiser', 'https://randomuser.me/api/portraits/women/67.jpg', 't', 'Clark_Wintheiser', DEFAULT), (41, '69ead40e-0803-447a-8bba-25861b25a8fc', 'Stacey', 'Von', 'https://randomuser.me/api/portraits/men/39.jpg', 't', 'Stacey.Von39', DEFAULT), (42, 'edea849c-d29f-4f0c-957b-8b945869c254', 'Stefan', 'Abshire', 'https://randomuser.me/api/portraits/women/71.jpg', 't', 'Stefan.Abshire77', DEFAULT), (43, 'ed2f3529-faa9-4ddc-acb4-293223ab51e9', 'Roger', 'Upton', 'https://randomuser.me/api/portraits/men/43.jpg', 't', 'Roger_Upton41', DEFAULT), (44, '4bcfcf3c-1387-40a6-9c80-307e6b3af675', 'Tina', 'Dare', 'https://randomuser.me/api/portraits/men/3.jpg', 't', 'Tina.Dare60', DEFAULT);
SELECT setval('"public"."users_metadata_id_seq"'::regclass, (SELECT MAX("id") FROM "public"."users_metadata"));
INSERT INTO public.channels (id,name,is_group,channel_description,avatar_url) VALUES (53, 'single_channel_0', 'f', DEFAULT, DEFAULT), (54, 'single_channel_1', 'f', DEFAULT, DEFAULT), (55, 'single_channel_2', 'f', DEFAULT, DEFAULT), (56, 'single_channel_3', 'f', DEFAULT, DEFAULT), (57, 'Kailash Trip', 't', DEFAULT, DEFAULT);
SELECT setval('"public"."channels_id_seq"'::regclass, (SELECT MAX("id") FROM "public"."channels"));
INSERT INTO public.channel_user_mapping (id,user_id,channel_id) VALUES (2065, 'e15fbb8c-f671-48e3-a0a5-5cedb1866c57', 53), (41596, '0353990b-72a0-4540-bd81-b967b3892006', 53), (8449, 'd42a5766-7a8e-4233-a71b-81f1faaba3d5', 54), (8894, '04a27bf5-4920-41ed-a4f6-f1122e1b7b0f', 54), (31238, '4c4525a3-7d1b-491a-a5e8-7ebbfe0f6099', 55), (49133, 'a9d9ec5d-b6f0-4968-84bf-520db2b9c4f5', 55), (26333, '85421fbb-55f3-411a-88fd-be9d3585be46', 56), (43964, '69ead40e-0803-447a-8bba-25861b25a8fc', 56), (1038, 'edea849c-d29f-4f0c-957b-8b945869c254', 57), (56861, 'ed2f3529-faa9-4ddc-acb4-293223ab51e9', 57), (53467, '4bcfcf3c-1387-40a6-9c80-307e6b3af675', 57);
SELECT setval('"public"."channel_user_mapping_id_seq"'::regclass, (SELECT MAX("id") FROM "public"."channel_user_mapping"));
INSERT INTO public.last_sequence (channel_id,last_sequence) VALUES (53, 10), (54, 10), (55, 10), (56, 10), (57, 10);
INSERT INTO public.messages (entry_id,message_id,channel_id,sender_id,content,created_at) VALUES (283, 0, 53, '0353990b-72a0-4540-bd81-b967b3892006', 'Aequus et audacia cubicularis perferendis arbustum.', '2024-12-10T14:49:07.633Z'), (284, 1, 53, 'e15fbb8c-f671-48e3-a0a5-5cedb1866c57', 'Recusandae curriculum dolorem cibus assentator blandior.', '2025-04-20T13:54:11.558Z'), (285, 2, 53, '0353990b-72a0-4540-bd81-b967b3892006', 'Argumentum civitas decipio desparatus ab alias vix derideo distinctio vesica caritas.', '2024-09-03T16:47:51.578Z'), (286, 3, 53, '0353990b-72a0-4540-bd81-b967b3892006', 'Clarus molestias caterva quos peccatus quibusdam crustulum tempore apto aequitas civitas.', '2025-04-03T02:48:34.710Z'), (287, 4, 53, 'e15fbb8c-f671-48e3-a0a5-5cedb1866c57', 'Appositus depromo quam vero error civis cibo enim crustulum umerus cohors.', '2024-04-22T18:19:14.863Z'), (288, 5, 53, 'e15fbb8c-f671-48e3-a0a5-5cedb1866c57', 'Maxime comptus adduco volup desolo crebro cervus ante.', '2024-12-07T15:00:11.692Z'), (289, 6, 53, '0353990b-72a0-4540-bd81-b967b3892006', 'Verus despecto utilis capto tracto utilis ratione vicinus virgo subiungo admoveo.', '2024-04-30T00:29:22.741Z'), (290, 7, 53, 'e15fbb8c-f671-48e3-a0a5-5cedb1866c57', 'Cometes clementia thermae terga sodalitas voro ascit vulticulus numquam cariosus nulla abundans.', '2024-09-14T04:05:07.001Z'), (291, 8, 53, '0353990b-72a0-4540-bd81-b967b3892006', 'Cibus articulus balbus totidem beatae.', '2025-02-24T14:49:50.058Z'), (292, 9, 53, '0353990b-72a0-4540-bd81-b967b3892006', 'Comminor veniam coruscus.', '2024-07-06T01:35:45.882Z'), (293, 0, 54, 'd42a5766-7a8e-4233-a71b-81f1faaba3d5', 'Eveniet unus cunabula ullus contra consectetur adopto conservo tendo curvo.', '2024-04-28T16:03:51.949Z'), (294, 1, 54, '04a27bf5-4920-41ed-a4f6-f1122e1b7b0f', 'Vomito ver verecundia atrox.', '2024-08-12T13:04:28.906Z'), (295, 2, 54, '04a27bf5-4920-41ed-a4f6-f1122e1b7b0f', 'Ultio provident deleo undique conqueror decet voro.', '2024-12-07T13:49:58.684Z'), (296, 3, 54, 'd42a5766-7a8e-4233-a71b-81f1faaba3d5', 'Carmen aequus volutabrum vetus auctus adstringo.', '2024-10-22T16:01:57.697Z'), (297, 4, 54, 'd42a5766-7a8e-4233-a71b-81f1faaba3d5', 'Tabesco cum crapula libero sunt.', '2025-04-10T23:33:50.861Z'), (298, 5, 54, '04a27bf5-4920-41ed-a4f6-f1122e1b7b0f', 'Spargo ullam valeo vomer.', '2025-02-19T01:12:30.897Z'), (299, 6, 54, 'd42a5766-7a8e-4233-a71b-81f1faaba3d5', 'Arguo molestias dignissimos paens repudiandae delicate crebro coma compono barba assentator.', '2024-09-21T20:33:12.091Z'), (300, 7, 54, 'd42a5766-7a8e-4233-a71b-81f1faaba3d5', 'Crux curvo blandior cornu cotidie officiis tonsor et.', '2024-12-30T06:20:42.176Z'), (301, 8, 54, '04a27bf5-4920-41ed-a4f6-f1122e1b7b0f', 'Quo unus magni carcer deorsum cena vesco vereor coepi ceno colligo cuius.', '2024-11-07T04:21:07.325Z'), (302, 9, 54, '04a27bf5-4920-41ed-a4f6-f1122e1b7b0f', 'Recusandae absconditus sumo commemoro.', '2024-07-27T00:36:31.402Z'), (303, 0, 55, 'a9d9ec5d-b6f0-4968-84bf-520db2b9c4f5', 'Asper aranea tripudio vicissitudo tenuis vado territo acerbitas spero cura.', '2024-07-13T17:04:26.813Z'), (304, 1, 55, 'a9d9ec5d-b6f0-4968-84bf-520db2b9c4f5', 'Atqui claro arto corpus tendo degusto cattus possimus conventus tenetur.', '2024-05-01T11:27:19.425Z'), (305, 2, 55, '4c4525a3-7d1b-491a-a5e8-7ebbfe0f6099', 'Repudiandae ambulo quod minus agnosco aperte bonus at pauper eligendi vindico causa.', '2024-06-06T07:26:23.828Z'), (306, 3, 55, 'a9d9ec5d-b6f0-4968-84bf-520db2b9c4f5', 'Vigilo chirographum trepide arguo collum bellicus toties viridis amitto esse verecundia.', '2024-08-30T15:34:21.802Z'), (307, 4, 55, '4c4525a3-7d1b-491a-a5e8-7ebbfe0f6099', 'Viduo cado confido trans conspergo curiositas.', '2024-05-17T01:05:18.660Z'), (308, 5, 55, 'a9d9ec5d-b6f0-4968-84bf-520db2b9c4f5', 'Trans defungo quaerat beneficium inventore turbo tamquam adaugeo succedo.', '2024-07-17T07:30:43.160Z'), (309, 6, 55, 'a9d9ec5d-b6f0-4968-84bf-520db2b9c4f5', 'Volubilis caveo curis admiratio suscipit tenetur illo.', '2024-12-10T04:42:20.064Z'), (310, 7, 55, '4c4525a3-7d1b-491a-a5e8-7ebbfe0f6099', 'Dolorem sed venia victus ducimus.', '2024-10-10T23:33:06.665Z'), (311, 8, 55, '4c4525a3-7d1b-491a-a5e8-7ebbfe0f6099', 'Deludo iure civis tergeo vehemens deripio abstergo ultio coniuratio amoveo asperiores curriculum.', '2025-03-26T17:12:25.951Z'), (312, 9, 55, '4c4525a3-7d1b-491a-a5e8-7ebbfe0f6099', 'Tametsi ultra benevolentia amitto alii considero.', '2024-06-04T22:42:15.452Z'), (313, 0, 56, '85421fbb-55f3-411a-88fd-be9d3585be46', 'Contego cubicularis dolore quis adversus cui celer.', '2024-10-10T18:30:29.987Z'), (314, 1, 56, '85421fbb-55f3-411a-88fd-be9d3585be46', 'Admiratio coadunatio aqua perspiciatis curto civis triduana delinquo coniuratio tam degero vitiosus.', '2024-05-07T09:22:38.039Z'), (315, 2, 56, '69ead40e-0803-447a-8bba-25861b25a8fc', 'Cotidie conor blandior et verbum solitudo cursim suus conforto triumphus statua earum.', '2024-07-09T14:45:55.965Z'), (316, 3, 56, '69ead40e-0803-447a-8bba-25861b25a8fc', 'Varius anser appositus cattus atque cedo in baiulus calamitas molestias cupio alienus.', '2024-09-10T20:48:57.803Z'), (317, 4, 56, '85421fbb-55f3-411a-88fd-be9d3585be46', 'Cetera crastinus absens custodia cumque sophismata tres pariatur adfectus.', '2024-04-29T16:01:19.419Z'), (318, 5, 56, '69ead40e-0803-447a-8bba-25861b25a8fc', 'Cultura crux neque.', '2024-11-19T18:34:17.368Z'), (319, 6, 56, '69ead40e-0803-447a-8bba-25861b25a8fc', 'Vacuus cimentarius tonsor aqua unde uterque tollo creber aestas desolo.', '2024-08-30T19:46:12.995Z'), (320, 7, 56, '69ead40e-0803-447a-8bba-25861b25a8fc', 'Tantillus patrocinor crepusculum cras.', '2025-01-18T14:53:24.163Z'), (321, 8, 56, '69ead40e-0803-447a-8bba-25861b25a8fc', 'Conservo ventosus aetas timor tot.', '2025-03-25T03:24:15.773Z'), (322, 9, 56, '69ead40e-0803-447a-8bba-25861b25a8fc', 'Demonstro solio careo verumtamen utpote illum ter amaritudo tibi baiulus corrigo theatrum.', '2024-10-22T17:34:02.321Z'), (323, 0, 57, 'ed2f3529-faa9-4ddc-acb4-293223ab51e9', 'Clamo undique sui crastinus amoveo valeo alter tricesimus depono sit.', '2025-03-13T20:49:51.720Z'), (324, 1, 57, 'ed2f3529-faa9-4ddc-acb4-293223ab51e9', 'Sed qui benevolentia usitas appello adsuesco fugiat decretum antea vivo.', '2024-10-05T00:43:23.294Z'), (325, 2, 57, 'ed2f3529-faa9-4ddc-acb4-293223ab51e9', 'Timor distinctio utroque crebro utroque supplanto atavus.', '2024-12-27T00:03:44.517Z'), (326, 3, 57, 'ed2f3529-faa9-4ddc-acb4-293223ab51e9', 'Caecus eos amplitudo adsum.', '2025-02-16T22:04:27.338Z'), (327, 4, 57, '4bcfcf3c-1387-40a6-9c80-307e6b3af675', 'Ullus tergiversatio neque quia toties comparo carmen pax strues.', '2024-08-03T01:43:24.190Z'), (328, 5, 57, 'edea849c-d29f-4f0c-957b-8b945869c254', 'Decimus ambulo studio vix temeritas avaritia volaticus bestia carcer.', '2024-06-15T13:31:50.361Z'), (329, 6, 57, 'ed2f3529-faa9-4ddc-acb4-293223ab51e9', 'Occaecati speciosus dapifer.', '2024-07-09T00:49:09.903Z'), (330, 7, 57, '4bcfcf3c-1387-40a6-9c80-307e6b3af675', 'Absorbeo colo bene avarus validus velut alter tener aufero demoror.', '2024-05-20T00:05:00.665Z'), (331, 8, 57, 'ed2f3529-faa9-4ddc-acb4-293223ab51e9', 'Ulciscor cohaero utilis bellum beatus pauci administratio cui stipes enim absum debeo.', '2024-08-23T15:26:22.246Z'), (332, 9, 57, 'ed2f3529-faa9-4ddc-acb4-293223ab51e9', 'Delectatio stipes tripudio apud assumenda culpa nam non minus.', '2024-06-29T13:03:11.751Z');
SELECT setval('"public"."messages_entry_id_seq"'::regclass, (SELECT MAX("entry_id") FROM "public"."messages"));
