INSERT INTO public.users_metadata (id,user_id,first_name,last_name,avatar_url,is_online,username) VALUES (23, '87ed8ea4-3375-47b2-9e84-b4b84864f2b8', 'Demarcus', 'Torphy-Dooley', 'https://randomuser.me/api/portraits/men/57.jpg', 't', 'Demarcus_Torphy-Dooley36'), (24, '5eb06060-c1cf-4837-bdd9-df2974fc0899', 'Joanie', 'Dickens', 'https://randomuser.me/api/portraits/women/22.jpg', 't', 'Joanie_Dickens'), (25, 'ebdcd219-13e0-4cc0-b83d-e1d15550d70c', 'Cristopher', 'Rempel', 'https://randomuser.me/api/portraits/men/69.jpg', 't', 'Cristopher.Rempel'), (26, '6a7816f0-c37a-44bf-85ec-b028c6d7ab42', 'Florida', 'Dietrich', 'https://randomuser.me/api/portraits/men/70.jpg', 't', 'Florida_Dietrich71'), (27, '65ebd2c7-0ff2-42c2-bac3-e40c06a8bbc0', 'Victor', 'Pfannerstill', 'https://randomuser.me/api/portraits/men/52.jpg', 't', 'Victor.Pfannerstill31'), (28, '7d686153-e014-4d7e-9936-24ad8e3dd9b2', 'Stone', 'Rogahn', 'https://randomuser.me/api/portraits/men/20.jpg', 't', 'Stone.Rogahn33'), (29, '762eb9b6-8a03-45ad-ae8e-bb02bc604e54', 'Macey', 'Schuster', 'https://randomuser.me/api/portraits/men/5.jpg', 't', 'Macey.Schuster68'), (30, '228b75c7-525d-4c91-a91d-611b0176b553', 'Lambert', 'Olson', 'https://randomuser.me/api/portraits/women/55.jpg', 't', 'Lambert_Olson'), (31, '14ad04a9-daf5-4e30-81e2-d6fa18d98100', 'Finn', 'Franey', 'https://randomuser.me/api/portraits/women/24.jpg', 't', 'Finn.Franey'), (32, '2bd7b1dd-65b0-4d1e-8046-1217db6e63a1', 'Ryley', 'Spencer', 'https://randomuser.me/api/portraits/men/38.jpg', 't', 'Ryley.Spencer7'), (33, '94170659-c6b6-4662-99f8-f7c9c6e09251', 'Kaylin', 'Konopelski', 'https://randomuser.me/api/portraits/men/33.jpg', 't', 'Kaylin.Konopelski95');
SELECT setval('"public"."users_metadata_id_seq"'::regclass, (SELECT MAX("id") FROM "public"."users_metadata"));
INSERT INTO public.channels (id,name,is_group) VALUES (11, 'single_channel_0', 'f'), (12, 'single_channel_1', 'f'), (13, 'single_channel_2', 'f'), (14, 'single_channel_3', 'f'), (15, 'Kailash Trip', 't');
SELECT setval('"public"."channels_id_seq"'::regclass, (SELECT MAX("id") FROM "public"."channels"));
INSERT INTO public.channel_user_mapping (id,user_id,channel_id) VALUES (2065, '87ed8ea4-3375-47b2-9e84-b4b84864f2b8', 11), (41596, '5eb06060-c1cf-4837-bdd9-df2974fc0899', 11), (8449, 'ebdcd219-13e0-4cc0-b83d-e1d15550d70c', 12), (8894, '6a7816f0-c37a-44bf-85ec-b028c6d7ab42', 12), (31238, '65ebd2c7-0ff2-42c2-bac3-e40c06a8bbc0', 13), (49133, '7d686153-e014-4d7e-9936-24ad8e3dd9b2', 13), (26333, '762eb9b6-8a03-45ad-ae8e-bb02bc604e54', 14), (43964, '228b75c7-525d-4c91-a91d-611b0176b553', 14), (1038, '14ad04a9-daf5-4e30-81e2-d6fa18d98100', 15), (56861, '2bd7b1dd-65b0-4d1e-8046-1217db6e63a1', 15), (53467, '94170659-c6b6-4662-99f8-f7c9c6e09251', 15);
SELECT setval('"public"."channel_user_mapping_id_seq"'::regclass, (SELECT MAX("id") FROM "public"."channel_user_mapping"));
INSERT INTO public.last_sequence (channel_id,last_sequence) VALUES (11, 10), (12, 10), (13, 10), (14, 10), (15, 10);
INSERT INTO public.messages (entry_id,message_id,channel_id,sender_id,content,created_at) VALUES (101, 0, 11, '5eb06060-c1cf-4837-bdd9-df2974fc0899', 'Verecundia denego animus acidus amor illo aeger atqui amitto.', '2024-09-30T16:32:30.254Z'), (102, 1, 11, '87ed8ea4-3375-47b2-9e84-b4b84864f2b8', 'Necessitatibus unus apto tonsor colligo cometes sed utrum curto fuga conicio decimus.', '2024-12-26T01:23:23.885Z'), (103, 2, 11, '5eb06060-c1cf-4837-bdd9-df2974fc0899', 'Architecto argumentum sum tam tener acquiro alter error laboriosam placeat.', '2024-11-21T00:00:22.040Z'), (104, 3, 11, '5eb06060-c1cf-4837-bdd9-df2974fc0899', 'Conculco ipsam ventosus abstergo clarus summopere aqua.', '2024-05-13T17:31:45.988Z'), (105, 4, 11, '87ed8ea4-3375-47b2-9e84-b4b84864f2b8', 'Facere utique tersus alias antiquus defluo colo.', '2024-10-02T23:20:18.323Z'), (106, 5, 11, '87ed8ea4-3375-47b2-9e84-b4b84864f2b8', 'Apostolus censura aetas.', '2025-04-06T13:57:05.570Z'), (107, 6, 11, '5eb06060-c1cf-4837-bdd9-df2974fc0899', 'Coaegresco porro vilis.', '2025-03-30T13:11:20.194Z'), (108, 7, 11, '5eb06060-c1cf-4837-bdd9-df2974fc0899', 'Certus crapula officia uberrime defero unde inflammatio.', '2024-06-20T10:31:32.809Z'), (109, 8, 11, '5eb06060-c1cf-4837-bdd9-df2974fc0899', 'Comminor conculco ducimus sequi.', '2024-09-14T02:17:49.101Z'), (110, 9, 11, '5eb06060-c1cf-4837-bdd9-df2974fc0899', 'Adversus tamquam utrimque cunctatio.', '2024-04-21T07:49:36.718Z'), (111, 0, 12, 'ebdcd219-13e0-4cc0-b83d-e1d15550d70c', 'Usitas defendo sodalitas via aeneus dolor.', '2025-04-06T21:01:50.767Z'), (112, 1, 12, 'ebdcd219-13e0-4cc0-b83d-e1d15550d70c', 'Abduco villa auditor adopto synagoga titulus cultura quia ad acceptus vitium terga.', '2024-10-24T00:12:20.382Z'), (113, 2, 12, 'ebdcd219-13e0-4cc0-b83d-e1d15550d70c', 'Baiulus cunabula tertius termes eveniet iusto atque architecto.', '2025-02-06T10:26:48.209Z'), (114, 3, 12, '6a7816f0-c37a-44bf-85ec-b028c6d7ab42', 'Desipio tenus confugo compello vinitor.', '2024-11-08T07:21:10.974Z'), (115, 4, 12, 'ebdcd219-13e0-4cc0-b83d-e1d15550d70c', 'Sortitus umerus suscipit corporis expedita cupressus calco.', '2024-05-08T14:51:21.370Z'), (116, 5, 12, '6a7816f0-c37a-44bf-85ec-b028c6d7ab42', 'Uredo defungo velit casso amor adflicto corrupti adfectus acervus illo.', '2024-10-23T07:15:01.442Z'), (117, 6, 12, 'ebdcd219-13e0-4cc0-b83d-e1d15550d70c', 'Aliquam cupiditas comedo comitatus vallum.', '2024-12-02T20:56:02.185Z'), (118, 7, 12, '6a7816f0-c37a-44bf-85ec-b028c6d7ab42', 'Aegrotatio video conitor qui utrum.', '2024-07-12T07:05:03.249Z'), (119, 8, 12, '6a7816f0-c37a-44bf-85ec-b028c6d7ab42', 'Surculus thalassinus voluptatem cubicularis celo eveniet acsi cruciamentum capillus.', '2024-07-15T06:11:27.080Z'), (120, 9, 12, 'ebdcd219-13e0-4cc0-b83d-e1d15550d70c', 'Itaque altus atrox.', '2024-08-25T09:04:24.828Z'), (121, 0, 13, '7d686153-e014-4d7e-9936-24ad8e3dd9b2', 'Ipsa despecto facere fugit acerbitas tamquam causa balbus alioqui dignissimos.', '2024-11-06T05:23:02.983Z'), (122, 1, 13, '7d686153-e014-4d7e-9936-24ad8e3dd9b2', 'Certus volubilis totam.', '2025-04-04T02:34:37.764Z'), (123, 2, 13, '65ebd2c7-0ff2-42c2-bac3-e40c06a8bbc0', 'Sustineo vita surculus totam adhuc.', '2024-08-27T22:19:03.844Z'), (124, 3, 13, '7d686153-e014-4d7e-9936-24ad8e3dd9b2', 'Adduco tametsi aegrotatio.', '2024-11-23T23:01:53.153Z'), (125, 4, 13, '7d686153-e014-4d7e-9936-24ad8e3dd9b2', 'Amet demitto uxor cultura accusantium vinco defetiscor atque sub.', '2024-11-29T08:09:50.114Z'), (126, 5, 13, '65ebd2c7-0ff2-42c2-bac3-e40c06a8bbc0', 'Annus cohibeo suggero videlicet delectus tactus viscus tero traho astrum cognomen.', '2024-05-21T16:23:34.180Z'), (127, 6, 13, '7d686153-e014-4d7e-9936-24ad8e3dd9b2', 'Possimus clamo cernuus tactus vorago absorbeo umquam baiulus articulus harum aggredior colligo.', '2024-07-18T02:31:06.703Z'), (128, 7, 13, '7d686153-e014-4d7e-9936-24ad8e3dd9b2', 'Utrimque nostrum excepturi censura vigor acerbitas suffoco.', '2024-11-01T21:37:13.003Z'), (129, 8, 13, '65ebd2c7-0ff2-42c2-bac3-e40c06a8bbc0', 'Stillicidium explicabo caute absque.', '2024-04-20T06:54:08.896Z'), (130, 9, 13, '7d686153-e014-4d7e-9936-24ad8e3dd9b2', 'Utrimque alter ver voluptates.', '2025-02-03T07:48:40.807Z'), (131, 0, 14, '762eb9b6-8a03-45ad-ae8e-bb02bc604e54', 'Creator cunabula aurum adficio aurum sumptus.', '2025-03-23T06:47:55.843Z'), (132, 1, 14, '762eb9b6-8a03-45ad-ae8e-bb02bc604e54', 'Corpus utroque aperio commodo.', '2024-05-03T09:05:06.243Z'), (133, 2, 14, '228b75c7-525d-4c91-a91d-611b0176b553', 'Adeo amiculum admoneo autus antiquus tredecim mollitia colo alo contra tendo supra.', '2024-11-19T11:50:16.823Z'), (134, 3, 14, '228b75c7-525d-4c91-a91d-611b0176b553', 'Aer demonstro approbo.', '2024-08-14T21:45:52.211Z'), (135, 4, 14, '762eb9b6-8a03-45ad-ae8e-bb02bc604e54', 'Tepidus ultra degusto quae.', '2024-04-19T22:32:37.770Z'), (136, 5, 14, '228b75c7-525d-4c91-a91d-611b0176b553', 'Cicuta voluntarius sto.', '2024-04-24T23:17:49.935Z'), (137, 6, 14, '762eb9b6-8a03-45ad-ae8e-bb02bc604e54', 'Utpote vix et thymbra patruus sollers damno caelestis vivo adnuo.', '2024-09-07T13:41:12.228Z'), (138, 7, 14, '762eb9b6-8a03-45ad-ae8e-bb02bc604e54', 'Vulgo adimpleo textus asporto fugit demulceo aqua circumvenio tracto.', '2025-03-31T11:43:34.809Z'), (139, 8, 14, '762eb9b6-8a03-45ad-ae8e-bb02bc604e54', 'Communis aqua traho.', '2025-01-27T18:16:49.612Z'), (140, 9, 14, '228b75c7-525d-4c91-a91d-611b0176b553', 'Cuppedia vilitas venio cena ventito vivo.', '2024-11-04T01:39:22.884Z'), (141, 0, 15, '94170659-c6b6-4662-99f8-f7c9c6e09251', 'Atavus thermae tener collum clam deludo apto vorago addo tersus.', '2024-11-06T12:44:35.654Z'), (142, 1, 15, '14ad04a9-daf5-4e30-81e2-d6fa18d98100', 'Tibi sui asporto vesica decimus tactus.', '2025-01-11T18:25:37.773Z'), (143, 2, 15, '94170659-c6b6-4662-99f8-f7c9c6e09251', 'Tenax tenax cicuta angelus armarium.', '2024-08-15T02:40:13.758Z'), (144, 3, 15, '14ad04a9-daf5-4e30-81e2-d6fa18d98100', 'Deporto deleniti tenax suffoco solio undique sed.', '2025-02-19T14:37:09.088Z'), (145, 4, 15, '94170659-c6b6-4662-99f8-f7c9c6e09251', 'Tremo ustilo vulnus suspendo vestrum demum ante caste adeptio aedificium centum.', '2025-04-14T04:47:17.388Z'), (146, 5, 15, '2bd7b1dd-65b0-4d1e-8046-1217db6e63a1', 'Cognatus adinventitias aggredior caste asporto depereo auditor.', '2024-06-17T17:28:27.877Z'), (147, 6, 15, '94170659-c6b6-4662-99f8-f7c9c6e09251', 'Ambulo ago usitas accusator provident.', '2024-11-06T22:24:54.623Z'), (148, 7, 15, '14ad04a9-daf5-4e30-81e2-d6fa18d98100', 'Exercitationem cibo comes vaco paulatim vix texo arbitro ipsa sufficio.', '2024-08-02T02:55:12.018Z'), (149, 8, 15, '94170659-c6b6-4662-99f8-f7c9c6e09251', 'Voluptate contabesco denique curtus arto stipes verbera.', '2025-01-28T00:27:15.139Z'), (150, 9, 15, '94170659-c6b6-4662-99f8-f7c9c6e09251', 'A tamisium vigor volup quis.', '2024-06-20T21:46:33.814Z');
SELECT setval('"public"."messages_entry_id_seq"'::regclass, (SELECT MAX("entry_id") FROM "public"."messages"));
